sample_date,year,presidency_number,person_id,name,party,age_years,age_days,age_exact,days_into_term,days_remaining_in_term,term_start,term_end
1789-07-04,1789,1,washington,George Washington,Unaffiliated,57,132,57.3646,65,2800,1789-04-30,1797-03-04
1790-07-04,1790,1,washington,George Washington,Unaffiliated,58,132,58.364,430,2435,1789-04-30,1797-03-04
1791-07-04,1791,1,washington,George Washington,Unaffiliated,59,132,59.3633,795,2070,1789-04-30,1797-03-04
1792-07-04,1792,1,washington,George Washington,Unaffiliated,60,133,60.3654,1161,1704,1789-04-30,1797-03-04
1793-07-04,1793,1,washington,George Washington,Unaffiliated,61,132,61.3647,1526,1339,1789-04-30,1797-03-04
1794-07-04,1794,1,washington,George Washington,Unaffiliated,62,132,62.364,1891,974,1789-04-30,1797-03-04
1795-07-04,1795,1,washington,George Washington,Unaffiliated,63,132,63.3634,2256,609,1789-04-30,1797-03-04
1796-07-04,1796,1,washington,George Washington,Unaffiliated,64,133,64.3655,2622,243,1789-04-30,1797-03-04
1797-07-04,1797,2,jadams,John Adams,Federalist,61,247,61.6796,122,1338,1797-03-04,1801-03-04
1798-07-04,1798,2,jadams,John Adams,Federalist,62,247,62.6789,487,973,1797-03-04,1801-03-04
1799-07-04,1799,2,jadams,John Adams,Federalist,63,247,63.6782,852,608,1797-03-04,1801-03-04
1800-07-04,1800,2,jadams,John Adams,Federalist,64,247,64.6776,1217,243,1797-03-04,1801-03-04
1801-07-04,1801,3,jefferson,Thomas Jefferson,Democratic-Republican,58,82,58.2243,122,2800,1801-03-04,1809-03-04
1802-07-04,1802,3,jefferson,Thomas Jefferson,Democratic-Republican,59,82,59.2237,487,2435,1801-03-04,1809-03-04
1803-07-04,1803,3,jefferson,Thomas Jefferson,Democratic-Republican,60,82,60.223,852,2070,1801-03-04,1809-03-04
1804-07-04,1804,3,jefferson,Thomas Jefferson,Democratic-Republican,61,82,61.2251,1218,1704,1801-03-04,1809-03-04
1805-07-04,1805,3,jefferson,Thomas Jefferson,Democratic-Republican,62,82,62.2244,1583,1339,1801-03-04,1809-03-04
1806-07-04,1806,3,jefferson,Thomas Jefferson,Democratic-Republican,63,82,63.2237,1948,974,1801-03-04,1809-03-04
1807-07-04,1807,3,jefferson,Thomas Jefferson,Democratic-Republican,64,82,64.2231,2313,609,1801-03-04,1809-03-04
1808-07-04,1808,3,jefferson,Thomas Jefferson,Democratic-Republican,65,82,65.2252,2679,243,1801-03-04,1809-03-04
1809-07-04,1809,4,madison,James Madison,Democratic-Republican,58,110,58.301,122,2800,1809-03-04,1817-03-04
1810-07-04,1810,4,madison,James Madison,Democratic-Republican,59,110,59.3003,487,2435,1809-03-04,1817-03-04
1811-07-04,1811,4,madison,James Madison,Democratic-Republican,60,110,60.2997,852,2070,1809-03-04,1817-03-04
1812-07-04,1812,4,madison,James Madison,Democratic-Republican,61,110,61.3017,1218,1704,1809-03-04,1817-03-04
1813-07-04,1813,4,madison,James Madison,Democratic-Republican,62,110,62.3011,1583,1339,1809-03-04,1817-03-04
1814-07-04,1814,4,madison,James Madison,Democratic-Republican,63,110,63.3004,1948,974,1809-03-04,1817-03-04
1815-07-04,1815,4,madison,James Madison,Democratic-Republican,64,110,64.2997,2313,609,1809-03-04,1817-03-04
1816-07-04,1816,4,madison,James Madison,Democratic-Republican,65,110,65.3018,2679,243,1809-03-04,1817-03-04
1817-07-04,1817,5,monroe,James Monroe,Democratic-Republican,59,67,59.1826,122,2800,1817-03-04,1825-03-04
1818-07-04,1818,5,monroe,James Monroe,Democratic-Republican,60,67,60.1819,487,2435,1817-03-04,1825-03-04
1819-07-04,1819,5,monroe,James Monroe,Democratic-Republican,61,67,61.1813,852,2070,1817-03-04,1825-03-04
1820-07-04,1820,5,monroe,James Monroe,Democratic-Republican,62,67,62.1833,1218,1704,1817-03-04,1825-03-04
1821-07-04,1821,5,monroe,James Monroe,Democratic-Republican,63,67,63.1827,1583,1339,1817-03-04,1825-03-04
1822-07-04,1822,5,monroe,James Monroe,Democratic-Republican,64,67,64.182,1948,974,1817-03-04,1825-03-04
1823-07-04,1823,5,monroe,James Monroe,Democratic-Republican,65,67,65.1814,2313,609,1817-03-04,1825-03-04
1824-07-04,1824,5,monroe,James Monroe,Democratic-Republican,66,67,66.1834,2679,243,1817-03-04,1825-03-04
1825-07-04,1825,6,jqadams,John Quincy Adams,National Republican,57,358,57.9807,122,1339,1825-03-04,1829-03-04
1826-07-04,1826,6,jqadams,John Quincy Adams,National Republican,58,358,58.98,487,974,1825-03-04,1829-03-04
1827-07-04,1827,6,jqadams,John Quincy Adams,National Republican,59,358,59.9793,852,609,1825-03-04,1829-03-04
1828-07-04,1828,6,jqadams,John Quincy Adams,National Republican,60,359,60.9814,1218,243,1825-03-04,1829-03-04
1829-07-04,1829,7,jackson,Andrew Jackson,Democratic,62,111,62.3038,122,2800,1829-03-04,1837-03-04
1830-07-04,1830,7,jackson,Andrew Jackson,Democratic,63,111,63.3031,487,2435,1829-03-04,1837-03-04
1831-07-04,1831,7,jackson,Andrew Jackson,Democratic,64,111,64.3025,852,2070,1829-03-04,1837-03-04
1832-07-04,1832,7,jackson,Andrew Jackson,Democratic,65,111,65.3046,1218,1704,1829-03-04,1837-03-04
1833-07-04,1833,7,jackson,Andrew Jackson,Democratic,66,111,66.3039,1583,1339,1829-03-04,1837-03-04
1834-07-04,1834,7,jackson,Andrew Jackson,Democratic,67,111,67.3032,1948,974,1829-03-04,1837-03-04
1835-07-04,1835,7,jackson,Andrew Jackson,Democratic,68,111,68.3026,2313,609,1829-03-04,1837-03-04
1836-07-04,1836,7,jackson,Andrew Jackson,Democratic,69,111,69.3046,2679,243,1829-03-04,1837-03-04
1837-07-04,1837,8,vanburen,Martin Van Buren,Democratic,54,211,54.5774,122,1339,1837-03-04,1841-03-04
1838-07-04,1838,8,vanburen,Martin Van Buren,Democratic,55,211,55.5768,487,974,1837-03-04,1841-03-04
1839-07-04,1839,8,vanburen,Martin Van Buren,Democratic,56,211,56.5761,852,609,1837-03-04,1841-03-04
1840-07-04,1840,8,vanburen,Martin Van Buren,Democratic,57,212,57.5782,1218,243,1837-03-04,1841-03-04
1841-07-04,1841,10,tyler,John Tyler,Whig,51,97,51.2646,91,1339,1841-04-04,1845-03-04
1842-07-04,1842,10,tyler,John Tyler,Whig,52,97,52.2639,456,974,1841-04-04,1845-03-04
1843-07-04,1843,10,tyler,John Tyler,Whig,53,97,53.2632,821,609,1841-04-04,1845-03-04
1844-07-04,1844,10,tyler,John Tyler,Whig,54,97,54.2653,1187,243,1841-04-04,1845-03-04
1845-07-04,1845,11,polk,James K. Polk,Democratic,49,244,49.6684,122,1339,1845-03-04,1849-03-04
1846-07-04,1846,11,polk,James K. Polk,Democratic,50,244,50.6677,487,974,1845-03-04,1849-03-04
1847-07-04,1847,11,polk,James K. Polk,Democratic,51,244,51.667,852,609,1845-03-04,1849-03-04
1848-07-04,1848,11,polk,James K. Polk,Democratic,52,245,52.6691,1218,243,1845-03-04,1849-03-04
1849-07-04,1849,12,taylor,Zachary Taylor,Whig,64,222,64.6064,121,370,1849-03-05,1850-07-09
1850-07-04,1850,12,taylor,Zachary Taylor,Whig,65,222,65.6057,486,5,1849-03-05,1850-07-09
1851-07-04,1851,13,fillmore,Millard Fillmore,Whig,51,178,51.4863,360,609,1850-07-09,1853-03-04
1852-07-04,1852,13,fillmore,Millard Fillmore,Whig,52,179,52.4884,726,243,1850-07-09,1853-03-04
1853-07-04,1853,14,pierce,Franklin Pierce,Democratic,48,223,48.6115,122,1339,1853-03-04,1857-03-04
1854-07-04,1854,14,pierce,Franklin Pierce,Democratic,49,223,49.6109,487,974,1853-03-04,1857-03-04
1855-07-04,1855,14,pierce,Franklin Pierce,Democratic,50,223,50.6102,852,609,1853-03-04,1857-03-04
1856-07-04,1856,14,pierce,Franklin Pierce,Democratic,51,224,51.6123,1218,243,1853-03-04,1857-03-04
1857-07-04,1857,15,buchanan,James Buchanan,Democratic,66,72,66.1971,122,1339,1857-03-04,1861-03-04
1858-07-04,1858,15,buchanan,James Buchanan,Democratic,67,72,67.1965,487,974,1857-03-04,1861-03-04
1859-07-04,1859,15,buchanan,James Buchanan,Democratic,68,72,68.1958,852,609,1857-03-04,1861-03-04
1860-07-04,1860,15,buchanan,James Buchanan,Democratic,69,72,69.1979,1218,243,1857-03-04,1861-03-04
1861-07-04,1861,16,lincoln,Abraham Lincoln,Republican,52,142,52.3899,122,1381,1861-03-04,1865-04-15
1862-07-04,1862,16,lincoln,Abraham Lincoln,Republican,53,142,53.3892,487,1016,1861-03-04,1865-04-15
1863-07-04,1863,16,lincoln,Abraham Lincoln,Republican,54,142,54.3885,852,651,1861-03-04,1865-04-15
1864-07-04,1864,16,lincoln,Abraham Lincoln,Republican,55,143,55.3906,1218,285,1861-03-04,1865-04-15
1865-07-04,1865,17,ajohnson,Andrew Johnson,National Union,56,187,56.5131,80,1339,1865-04-15,1869-03-04
1866-07-04,1866,17,ajohnson,Andrew Johnson,National Union,57,187,57.5125,445,974,1865-04-15,1869-03-04
1867-07-04,1867,17,ajohnson,Andrew Johnson,National Union,58,187,58.5118,810,609,1865-04-15,1869-03-04
1868-07-04,1868,17,ajohnson,Andrew Johnson,National Union,59,188,59.5139,1176,243,1865-04-15,1869-03-04
1869-07-04,1869,18,grant,Ulysses S. Grant,Republican,47,68,47.1878,122,2800,1869-03-04,1877-03-04
1870-07-04,1870,18,grant,Ulysses S. Grant,Republican,48,68,48.1872,487,2435,1869-03-04,1877-03-04
1871-07-04,1871,18,grant,Ulysses S. Grant,Republican,49,68,49.1865,852,2070,1869-03-04,1877-03-04
1872-07-04,1872,18,grant,Ulysses S. Grant,Republican,50,68,50.1886,1218,1704,1869-03-04,1877-03-04
1873-07-04,1873,18,grant,Ulysses S. Grant,Republican,51,68,51.1879,1583,1339,1869-03-04,1877-03-04
1874-07-04,1874,18,grant,Ulysses S. Grant,Republican,52,68,52.1872,1948,974,1869-03-04,1877-03-04
1875-07-04,1875,18,grant,Ulysses S. Grant,Republican,53,68,53.1866,2313,609,1869-03-04,1877-03-04
1876-07-04,1876,18,grant,Ulysses S. Grant,Republican,54,68,54.1887,2679,243,1869-03-04,1877-03-04
1877-07-04,1877,19,hayes,Rutherford B. Hayes,Republican,54,273,54.7499,122,1339,1877-03-04,1881-03-04
1878-07-04,1878,19,hayes,Rutherford B. Hayes,Republican,55,273,55.7493,487,974,1877-03-04,1881-03-04
1879-07-04,1879,19,hayes,Rutherford B. Hayes,Republican,56,273,56.7486,852,609,1877-03-04,1881-03-04
1880-07-04,1880,19,hayes,Rutherford B. Hayes,Republican,57,274,57.7507,1218,243,1877-03-04,1881-03-04
1881-07-04,1881,20,garfield,James A. Garfield,Republican,49,227,49.6246,122,77,1881-03-04,1881-09-19
1882-07-04,1882,21,arthur,Chester A. Arthur,Republican,52,272,52.7458,288,974,1881-09-19,1885-03-04
1883-07-04,1883,21,arthur,Chester A. Arthur,Republican,53,272,53.7451,653,609,1881-09-19,1885-03-04
1884-07-04,1884,21,arthur,Chester A. Arthur,Republican,54,273,54.7472,1019,243,1881-09-19,1885-03-04
1885-07-04,1885,22,cleveland,Grover Cleveland,Democratic,48,108,48.2967,122,1339,1885-03-04,1889-03-04
1886-07-04,1886,22,cleveland,Grover Cleveland,Democratic,49,108,49.296,487,974,1885-03-04,1889-03-04
1887-07-04,1887,22,cleveland,Grover Cleveland,Democratic,50,108,50.2954,852,609,1885-03-04,1889-03-04
1888-07-04,1888,22,cleveland,Grover Cleveland,Democratic,51,108,51.2974,1218,243,1885-03-04,1889-03-04
1889-07-04,1889,23,bharrison,Benjamin Harrison,Republican,55,318,55.8725,122,1339,1889-03-04,1893-03-04
1890-07-04,1890,23,bharrison,Benjamin Harrison,Republican,56,318,56.8718,487,974,1889-03-04,1893-03-04
1891-07-04,1891,23,bharrison,Benjamin Harrison,Republican,57,318,57.8711,852,609,1889-03-04,1893-03-04
1892-07-04,1892,23,bharrison,Benjamin Harrison,Republican,58,319,58.8732,1218,243,1889-03-04,1893-03-04
1893-07-04,1893,24,cleveland,Grover Cleveland,Democratic,56,108,56.2968,122,1339,1893-03-04,1897-03-04
1894-07-04,1894,24,cleveland,Grover Cleveland,Democratic,57,108,57.2962,487,974,1893-03-04,1897-03-04
1895-07-04,1895,24,cleveland,Grover Cleveland,Democratic,58,108,58.2955,852,609,1893-03-04,1897-03-04
1896-07-04,1896,24,cleveland,Grover Cleveland,Democratic,59,108,59.2976,1218,243,1893-03-04,1897-03-04
1897-07-04,1897,25,mckinley,William McKinley,Republican,54,156,54.4296,122,1532,1897-03-04,1901-09-14
1898-07-04,1898,25,mckinley,William McKinley,Republican,55,156,55.4289,487,1167,1897-03-04,1901-09-14
1899-07-04,1899,25,mckinley,William McKinley,Republican,56,156,56.4283,852,802,1897-03-04,1901-09-14
1900-07-04,1900,25,mckinley,William McKinley,Republican,57,156,57.4276,1217,437,1897-03-04,1901-09-14
1901-07-04,1901,25,mckinley,William McKinley,Republican,58,156,58.4269,1582,72,1897-03-04,1901-09-14
1902-07-04,1902,26,troosevelt,Theodore Roosevelt,Republican,43,250,43.6833,293,2435,1901-09-14,1909-03-04
1903-07-04,1903,26,troosevelt,Theodore Roosevelt,Republican,44,250,44.6826,658,2070,1901-09-14,1909-03-04
1904-07-04,1904,26,troosevelt,Theodore Roosevelt,Republican,45,251,45.6847,1024,1704,1901-09-14,1909-03-04
1905-07-04,1905,26,troosevelt,Theodore Roosevelt,Republican,46,250,46.6841,1389,1339,1901-09-14,1909-03-04
1906-07-04,1906,26,troosevelt,Theodore Roosevelt,Republican,47,250,47.6834,1754,974,1901-09-14,1909-03-04
1907-07-04,1907,26,troosevelt,Theodore Roosevelt,Republican,48,250,48.6827,2119,609,1901-09-14,1909-03-04
1908-07-04,1908,26,troosevelt,Theodore Roosevelt,Republican,49,251,49.6848,2485,243,1901-09-14,1909-03-04
1909-07-04,1909,27,taft,William Howard Taft,Republican,51,292,51.7985,122,1339,1909-03-04,1913-03-04
1910-07-04,1910,27,taft,William Howard Taft,Republican,52,292,52.7978,487,974,1909-03-04,1913-03-04
1911-07-04,1911,27,taft,William Howard Taft,Republican,53,292,53.7971,852,609,1909-03-04,1913-03-04
1912-07-04,1912,27,taft,William Howard Taft,Republican,54,293,54.7992,1218,243,1909-03-04,1913-03-04
1913-07-04,1913,28,wilson,Woodrow Wilson,Democratic,56,188,56.5131,122,2800,1913-03-04,1921-03-04
1914-07-04,1914,28,wilson,Woodrow Wilson,Democratic,57,188,57.5125,487,2435,1913-03-04,1921-03-04
1915-07-04,1915,28,wilson,Woodrow Wilson,Democratic,58,188,58.5118,852,2070,1913-03-04,1921-03-04
1916-07-04,1916,28,wilson,Woodrow Wilson,Democratic,59,189,59.5139,1218,1704,1913-03-04,1921-03-04
1917-07-04,1917,28,wilson,Woodrow Wilson,Democratic,60,188,60.5132,1583,1339,1913-03-04,1921-03-04
1918-07-04,1918,28,wilson,Woodrow Wilson,Democratic,61,188,61.5126,1948,974,1913-03-04,1921-03-04
1919-07-04,1919,28,wilson,Woodrow Wilson,Democratic,62,188,62.5119,2313,609,1913-03-04,1921-03-04
1920-07-04,1920,28,wilson,Woodrow Wilson,Democratic,63,189,63.514,2679,243,1913-03-04,1921-03-04
1921-07-04,1921,29,harding,Warren G. Harding,Republican,55,244,55.6671,122,759,1921-03-04,1923-08-02
1922-07-04,1922,29,harding,Warren G. Harding,Republican,56,244,56.6665,487,394,1921-03-04,1923-08-02
1923-07-04,1923,29,harding,Warren G. Harding,Republican,57,244,57.6658,852,29,1921-03-04,1923-08-02
1924-07-04,1924,30,coolidge,Calvin Coolidge,Republican,52,0,51.9983,337,1704,1923-08-02,1929-03-04
1925-07-04,1925,30,coolidge,Calvin Coolidge,Republican,53,0,52.9977,702,1339,1923-08-02,1929-03-04
1926-07-04,1926,30,coolidge,Calvin Coolidge,Republican,54,0,53.997,1067,974,1923-08-02,1929-03-04
1927-07-04,1927,30,coolidge,Calvin Coolidge,Republican,55,0,54.9963,1432,609,1923-08-02,1929-03-04
1928-07-04,1928,30,coolidge,Calvin Coolidge,Republican,56,0,55.9984,1798,243,1923-08-02,1929-03-04
1929-07-04,1929,31,hoover,Herbert Hoover,Republican,54,328,54.8978,122,1339,1929-03-04,1933-03-04
1930-07-04,1930,31,hoover,Herbert Hoover,Republican,55,328,55.8971,487,974,1929-03-04,1933-03-04
1931-07-04,1931,31,hoover,Herbert Hoover,Republican,56,328,56.8964,852,609,1929-03-04,1933-03-04
1932-07-04,1932,31,hoover,Herbert Hoover,Republican,57,329,57.8985,1218,243,1929-03-04,1933-03-04
1933-07-04,1933,32,fdr,Franklin D. Roosevelt,Democratic,51,155,51.4234,122,4300,1933-03-04,1945-04-12
1934-07-04,1934,32,fdr,Franklin D. Roosevelt,Democratic,52,155,52.4227,487,3935,1933-03-04,1945-04-12
1935-07-04,1935,32,fdr,Franklin D. Roosevelt,Democratic,53,155,53.422,852,3570,1933-03-04,1945-04-12
1936-07-04,1936,32,fdr,Franklin D. Roosevelt,Democratic,54,156,54.4241,1218,3204,1933-03-04,1945-04-12
1937-07-04,1937,32,fdr,Franklin D. Roosevelt,Democratic,55,155,55.4235,1583,2839,1933-03-04,1945-04-12
1938-07-04,1938,32,fdr,Franklin D. Roosevelt,Democratic,56,155,56.4228,1948,2474,1933-03-04,1945-04-12
1939-07-04,1939,32,fdr,Franklin D. Roosevelt,Democratic,57,155,57.4221,2313,2109,1933-03-04,1945-04-12
1940-07-04,1940,32,fdr,Franklin D. Roosevelt,Democratic,58,156,58.4242,2679,1743,1933-03-04,1945-04-12
1941-07-04,1941,32,fdr,Franklin D. Roosevelt,Democratic,59,155,59.4235,3044,1378,1933-03-04,1945-04-12
1942-07-04,1942,32,fdr,Franklin D. Roosevelt,Democratic,60,155,60.4229,3409,1013,1933-03-04,1945-04-12
1943-07-04,1943,32,fdr,Franklin D. Roosevelt,Democratic,61,155,61.4222,3774,648,1933-03-04,1945-04-12
1944-07-04,1944,32,fdr,Franklin D. Roosevelt,Democratic,62,156,62.4243,4140,282,1933-03-04,1945-04-12
1945-07-04,1945,33,truman,Harry S. Truman,Democratic,61,57,61.1539,83,2757,1945-04-12,1953-01-20
1946-07-04,1946,33,truman,Harry S. Truman,Democratic,62,57,62.1532,448,2392,1945-04-12,1953-01-20
1947-07-04,1947,33,truman,Harry S. Truman,Democratic,63,57,63.1526,813,2027,1945-04-12,1953-01-20
1948-07-04,1948,33,truman,Harry S. Truman,Democratic,64,57,64.1546,1179,1661,1945-04-12,1953-01-20
1949-07-04,1949,33,truman,Harry S. Truman,Democratic,65,57,65.154,1544,1296,1945-04-12,1953-01-20
1950-07-04,1950,33,truman,Harry S. Truman,Democratic,66,57,66.1533,1909,931,1945-04-12,1953-01-20
1951-07-04,1951,33,truman,Harry S. Truman,Democratic,67,57,67.1526,2274,566,1945-04-12,1953-01-20
1952-07-04,1952,33,truman,Harry S. Truman,Democratic,68,57,68.1547,2640,200,1945-04-12,1953-01-20
1953-07-04,1953,34,eisenhower,Dwight D. Eisenhower,Republican,62,263,62.72,165,2757,1953-01-20,1961-01-20
1954-07-04,1954,34,eisenhower,Dwight D. Eisenhower,Republican,63,263,63.7193,530,2392,1953-01-20,1961-01-20
1955-07-04,1955,34,eisenhower,Dwight D. Eisenhower,Republican,64,263,64.7186,895,2027,1953-01-20,1961-01-20
1956-07-04,1956,34,eisenhower,Dwight D. Eisenhower,Republican,65,264,65.7207,1261,1661,1953-01-20,1961-01-20
1957-07-04,1957,34,eisenhower,Dwight D. Eisenhower,Republican,66,263,66.7201,1626,1296,1953-01-20,1961-01-20
1958-07-04,1958,34,eisenhower,Dwight D. Eisenhower,Republican,67,263,67.7194,1991,931,1953-01-20,1961-01-20
1959-07-04,1959,34,eisenhower,Dwight D. Eisenhower,Republican,68,263,68.7187,2356,566,1953-01-20,1961-01-20
1960-07-04,1960,34,eisenhower,Dwight D. Eisenhower,Republican,69,264,69.7208,2722,200,1953-01-20,1961-01-20
1961-07-04,1961,35,kennedy,John F. Kennedy,Democratic,44,36,44.0995,165,871,1961-01-20,1963-11-22
1962-07-04,1962,35,kennedy,John F. Kennedy,Democratic,45,36,45.0988,530,506,1961-01-20,1963-11-22
1963-07-04,1963,35,kennedy,John F. Kennedy,Democratic,46,36,46.0981,895,141,1961-01-20,1963-11-22
1964-07-04,1964,36,lbj,Lyndon B. Johnson,Democratic,55,312,55.8533,225,1661,1963-11-22,1969-01-20
1965-07-04,1965,36,lbj,Lyndon B. Johnson,Democratic,56,311,56.8526,590,1296,1963-11-22,1969-01-20
1966-07-04,1966,36,lbj,Lyndon B. Johnson,Democratic,57,311,57.852,955,931,1963-11-22,1969-01-20
1967-07-04,1967,36,lbj,Lyndon B. Johnson,Democratic,58,311,58.8513,1320,566,1963-11-22,1969-01-20
1968-07-04,1968,36,lbj,Lyndon B. Johnson,Democratic,59,312,59.8534,1686,200,1963-11-22,1969-01-20
1969-07-04,1969,37,nixon,Richard Nixon,Republican,56,176,56.483,165,1862,1969-01-20,1974-08-09
1970-07-04,1970,37,nixon,Richard Nixon,Republican,57,176,57.4824,530,1497,1969-01-20,1974-08-09
1971-07-04,1971,37,nixon,Richard Nixon,Republican,58,176,58.4817,895,1132,1969-01-20,1974-08-09
1972-07-04,1972,37,nixon,Richard Nixon,Republican,59,177,59.4838,1261,766,1969-01-20,1974-08-09
1973-07-04,1973,37,nixon,Richard Nixon,Republican,60,176,60.4831,1626,401,1969-01-20,1974-08-09
1974-07-04,1974,37,nixon,Richard Nixon,Republican,61,176,61.4824,1991,36,1969-01-20,1974-08-09
1975-07-04,1975,38,ford,Gerald Ford,Republican,61,355,61.9725,329,566,1974-08-09,1977-01-20
1976-07-04,1976,38,ford,Gerald Ford,Republican,62,356,62.9746,695,200,1974-08-09,1977-01-20
1977-07-04,1977,39,carter,Jimmy Carter,Democratic,52,276,52.7567,165,1296,1977-01-20,1981-01-20
1978-07-04,1978,39,carter,Jimmy Carter,Democratic,53,276,53.7561,530,931,1977-01-20,1981-01-20
1979-07-04,1979,39,carter,Jimmy Carter,Democratic,54,276,54.7554,895,566,1977-01-20,1981-01-20
1980-07-04,1980,39,carter,Jimmy Carter,Democratic,55,277,55.7575,1261,200,1977-01-20,1981-01-20
1981-07-04,1981,40,reagan,Ronald Reagan,Republican,70,148,70.408,165,2757,1981-01-20,1989-01-20
1982-07-04,1982,40,reagan,Ronald Reagan,Republican,71,148,71.4074,530,2392,1981-01-20,1989-01-20
1983-07-04,1983,40,reagan,Ronald Reagan,Republican,72,148,72.4067,895,2027,1981-01-20,1989-01-20
1984-07-04,1984,40,reagan,Ronald Reagan,Republican,73,149,73.4088,1261,1661,1981-01-20,1989-01-20
1985-07-04,1985,40,reagan,Ronald Reagan,Republican,74,148,74.4081,1626,1296,1981-01-20,1989-01-20
1986-07-04,1986,40,reagan,Ronald Reagan,Republican,75,148,75.4074,1991,931,1981-01-20,1989-01-20
1987-07-04,1987,40,reagan,Ronald Reagan,Republican,76,148,76.4068,2356,566,1981-01-20,1989-01-20
1988-07-04,1988,40,reagan,Ronald Reagan,Republican,77,149,77.4088,2722,200,1981-01-20,1989-01-20
1989-07-04,1989,41,ghwbush,George H. W. Bush,Republican,65,22,65.0609,165,1296,1989-01-20,1993-01-20
1990-07-04,1990,41,ghwbush,George H. W. Bush,Republican,66,22,66.0602,530,931,1989-01-20,1993-01-20
1991-07-04,1991,41,ghwbush,George H. W. Bush,Republican,67,22,67.0596,895,566,1989-01-20,1993-01-20
1992-07-04,1992,41,ghwbush,George H. W. Bush,Republican,68,22,68.0616,1261,200,1989-01-20,1993-01-20
1993-07-04,1993,42,clinton,Bill Clinton,Democratic,46,319,46.8757,165,2757,1993-01-20,2001-01-20
1994-07-04,1994,42,clinton,Bill Clinton,Democratic,47,319,47.875,530,2392,1993-01-20,2001-01-20
1995-07-04,1995,42,clinton,Bill Clinton,Democratic,48,319,48.8744,895,2027,1993-01-20,2001-01-20
1996-07-04,1996,42,clinton,Bill Clinton,Democratic,49,320,49.8765,1261,1661,1993-01-20,2001-01-20
1997-07-04,1997,42,clinton,Bill Clinton,Democratic,50,319,50.8758,1626,1296,1993-01-20,2001-01-20
1998-07-04,1998,42,clinton,Bill Clinton,Democratic,51,319,51.8751,1991,931,1993-01-20,2001-01-20
1999-07-04,1999,42,clinton,Bill Clinton,Democratic,52,319,52.8745,2356,566,1993-01-20,2001-01-20
2000-07-04,2000,42,clinton,Bill Clinton,Democratic,53,320,53.8765,2722,200,1993-01-20,2001-01-20
2001-07-04,2001,43,gwbush,George W. Bush,Republican,54,363,54.9963,165,2757,2001-01-20,2009-01-20
2002-07-04,2002,43,gwbush,George W. Bush,Republican,55,363,55.9957,530,2392,2001-01-20,2009-01-20
2003-07-04,2003,43,gwbush,George W. Bush,Republican,56,363,56.995,895,2027,2001-01-20,2009-01-20
2004-07-04,2004,43,gwbush,George W. Bush,Republican,57,364,57.9971,1261,1661,2001-01-20,2009-01-20
2005-07-04,2005,43,gwbush,George W. Bush,Republican,58,363,58.9964,1626,1296,2001-01-20,2009-01-20
2006-07-04,2006,43,gwbush,George W. Bush,Republican,59,363,59.9958,1991,931,2001-01-20,2009-01-20
2007-07-04,2007,43,gwbush,George W. Bush,Republican,60,363,60.9951,2356,566,2001-01-20,2009-01-20
2008-07-04,2008,43,gwbush,George W. Bush,Republican,61,364,61.9972,2722,200,2001-01-20,2009-01-20
2009-07-04,2009,44,obama,Barack Obama,Democratic,47,334,47.9161,165,2757,2009-01-20,2017-01-20
2010-07-04,2010,44,obama,Barack Obama,Democratic,48,334,48.9154,530,2392,2009-01-20,2017-01-20
2011-07-04,2011,44,obama,Barack Obama,Democratic,49,334,49.9148,895,2027,2009-01-20,2017-01-20
2012-07-04,2012,44,obama,Barack Obama,Democratic,50,335,50.9169,1261,1661,2009-01-20,2017-01-20
2013-07-04,2013,44,obama,Barack Obama,Democratic,51,334,51.9162,1626,1296,2009-01-20,2017-01-20
2014-07-04,2014,44,obama,Barack Obama,Democratic,52,334,52.9155,1991,931,2009-01-20,2017-01-20
2015-07-04,2015,44,obama,Barack Obama,Democratic,53,334,53.9149,2356,566,2009-01-20,2017-01-20
2016-07-04,2016,44,obama,Barack Obama,Democratic,54,335,54.9169,2722,200,2009-01-20,2017-01-20
2017-07-04,2017,45,trump,Donald Trump,Republican,71,20,71.0569,165,1296,2017-01-20,2021-01-20
2018-07-04,2018,45,trump,Donald Trump,Republican,72,20,72.0562,530,931,2017-01-20,2021-01-20
2019-07-04,2019,45,trump,Donald Trump,Republican,73,20,73.0556,895,566,2017-01-20,2021-01-20
2020-07-04,2020,45,trump,Donald Trump,Republican,74,20,74.0576,1261,200,2017-01-20,2021-01-20
2021-07-04,2021,46,biden,Joe Biden,Democratic,78,226,78.6217,165,1296,2021-01-20,2025-01-20
2022-07-04,2022,46,biden,Joe Biden,Democratic,79,226,79.6211,530,931,2021-01-20,2025-01-20
2023-07-04,2023,46,biden,Joe Biden,Democratic,80,226,80.6204,895,566,2021-01-20,2025-01-20
2024-07-04,2024,46,biden,Joe Biden,Democratic,81,227,81.6225,1261,200,2021-01-20,2025-01-20
2025-07-04,2025,47,trump,Donald Trump,Republican,79,20,79.0571,165,403,2025-01-20,
2026-07-04,2026,47,trump,Donald Trump,Republican,80,20,80.0564,530,38,2025-01-20,
